Alphafold/prediction:ChainA:ASN2	-58.807594	128.060444	General
Alphafold/prediction:ChainA:GLU3	-61.294742	94.556712	General
Alphafold/prediction:ChainA:THR4	-72.815726	81.459174	General
Alphafold/prediction:ChainA:ARG5	-56.835643	111.305586	General
Alphafold/prediction:ChainA:TYR6	-59.023708	84.690245	General
Alphafold/prediction:ChainA:ASN7	-55.059450	104.447041	General
Alphafold/prediction:ChainA:ALA8	-47.708531	98.701376	General
Alphafold/prediction:ChainA:THR9	-61.389680	105.542103	General
Alphafold/prediction:ChainA:VAL10	-51.336381	99.040018	General
Alphafold/prediction:ChainA:GLN11	-57.317669	104.851203	General
Alphafold/prediction:ChainA:GLU12	-42.917136	108.705959	General
Alphafold/prediction:ChainA:GLN13	-43.538280	111.582859	General
Alphafold/prediction:ChainA:GLN14	-50.252575	105.826486	General
Alphafold/prediction:ChainA:THR15	-59.042914	115.742274	General
Alphafold/prediction:ChainA:LEU16	-62.822038	84.422161	General
Alphafold/prediction:ChainA:SER17	-79.916991	19.548670	General
Alphafold/prediction:ChainA:ASN18	-82.072226	99.212000	Pre-Pro
Alphafold/prediction:ChainA:PRO19	-57.070250	-22.145480	Proline
Alphafold/prediction:ChainA:LYS20	-64.936990	-21.538174	General
Alphafold/prediction:ChainA:ALA21	-85.993378	-22.077674	General
Alphafold/prediction:ChainA:VAL22	-92.162944	-28.382127	General
Alphafold/prediction:ChainA:GLY23	77.243665	176.585153	Glycine
Alphafold/prediction:ChainA:PRO24	-66.879108	166.684029	Proline
Alphafold/prediction:ChainA:ASP25	-58.698681	119.521913	General
Alphafold/prediction:ChainA:ILE26	-62.412249	-30.967433	General
Alphafold/prediction:ChainA:ASP27	-77.298295	-34.311450	General
Alphafold/prediction:ChainA:LYS28	-62.964846	-41.622223	General
Alphafold/prediction:ChainA:LEU29	-66.894978	-46.972070	General
Alphafold/prediction:ChainA:LYS30	-56.547462	-37.654839	General
Alphafold/prediction:ChainA:ASP31	-64.185602	-22.997691	General
Alphafold/prediction:ChainA:LYS32	-75.478743	-24.115633	General
Alphafold/prediction:ChainA:PHE33	-105.515867	12.744255	General
Alphafold/prediction:ChainA:LYS34	-70.460949	159.301763	General
Alphafold/prediction:ChainA:GLU35	-49.147465	131.521921	General
Alphafold/prediction:ChainA:GLY36	82.281661	-4.499916	Glycine
Alphafold/prediction:ChainA:SER37	-88.226374	150.941736	General
Alphafold/prediction:ChainA:ILE38	-109.841691	102.324998	Pre-Pro
Alphafold/prediction:ChainA:PRO39	-61.796482	140.820323	Proline
Alphafold/prediction:ChainA:LEU40	-83.897431	162.641924	General
Alphafold/prediction:ChainA:GLN41	-52.728094	-36.780585	General
Alphafold/prediction:ChainA:THR42	-63.475944	-40.668031	General
Alphafold/prediction:ChainA:ASP43	-68.334366	-38.314110	General
Alphafold/prediction:ChainA:PHE44	-65.504887	-43.735754	General
Alphafold/prediction:ChainA:ASN45	-59.626299	-42.209468	General
Alphafold/prediction:ChainA:GLU46	-61.148670	-44.402765	General
Alphafold/prediction:ChainA:LEU47	-62.230116	-41.763743	General
Alphafold/prediction:ChainA:ILE48	-63.683245	-45.158630	General
Alphafold/prediction:ChainA:ASP49	-62.874769	-42.030796	General
Alphafold/prediction:ChainA:ILE50	-62.111985	-47.817867	General
Alphafold/prediction:ChainA:ALA51	-62.801693	-38.021677	General
Alphafold/prediction:ChainA:ASP52	-69.328556	-30.344753	General
Alphafold/prediction:ChainA:ILE53	-59.412840	-47.995599	General
Alphafold/prediction:ChainA:GLY54	-61.398995	-44.277170	Glycine
Alphafold/prediction:ChainA:ARG55	-60.777354	-42.553796	General
Alphafold/prediction:ChainA:LYS56	-64.974456	-40.705076	General
Alphafold/prediction:ChainA:ALA57	-64.066674	-40.174669	General
Alphafold/prediction:ChainA:CYS58	-83.400325	5.718620	General
Alphafold/prediction:ChainA:GLY59	68.264022	26.461480	Glycine
Alphafold/prediction:ChainA:GLN60	-101.986684	3.957785	General
Alphafold/prediction:ChainA:ALA61	-63.427571	158.220014	Pre-Pro
Alphafold/prediction:ChainA:PRO62	-60.372098	151.147840	Proline
Alphafold/prediction:ChainA:GLN63	66.033952	-9.119243	General
Alphafold/prediction:ChainA:GLN64	-87.202169	142.747777	General
Alphafold/prediction:ChainA:ASN65	-111.979523	54.035256	General
Alphafold/prediction:ChainA:GLY66	91.781126	178.319390	Glycine
Alphafold/prediction:ChainA:PRO67	-59.025934	171.006957	Proline
Alphafold/prediction:ChainA:GLY68	-58.417158	165.979132	Glycine
Alphafold/prediction:ChainA:GLU69	-57.954637	138.226329	General
Alphafold/prediction:ChainA:GLY70	82.529239	-3.106749	Glycine
Alphafold/prediction:ChainA:LEU71	-121.115408	151.419974	General
Alphafold/prediction:ChainA:LYS72	-136.052960	143.262673	General
Alphafold/prediction:ChainA:LEU73	-89.913349	116.780398	General
Alphafold/prediction:ChainA:ALA74	-77.904636	163.273293	General
Alphafold/prediction:ChainA:ASP75	-63.546081	-20.362697	General
Alphafold/prediction:ChainA:ASP76	-81.435801	0.108232	General
Alphafold/prediction:ChainA:GLY77	85.016838	3.681737	Glycine
Alphafold/prediction:ChainA:THR78	-83.432615	141.008121	General
Alphafold/prediction:ChainA:LEU79	-88.665581	108.437505	General
Alphafold/prediction:ChainA:ASN80	-112.246700	157.265827	General
Alphafold/prediction:ChainA:LEU81	-69.442770	143.019175	General
Alphafold/prediction:ChainA:LYS82	-70.320295	85.821535	General
Alphafold/prediction:ChainA:ILE83	-84.154635	111.433106	General
Alphafold/prediction:ChainA:GLY84	-130.554462	162.925417	Glycine
Alphafold/prediction:ChainA:THR85	-79.585862	123.133553	General
Alphafold/prediction:ChainA:PHE86	-85.856345	128.590414	General
Alphafold/prediction:ChainA:SER87	-78.538205	-8.770105	General
Alphafold/prediction:ChainA:ASN88	-88.603157	125.297501	General
Alphafold/prediction:ChainA:LYS89	-80.688549	-5.743595	General
Alphafold/prediction:ChainA:ASP90	-80.481409	-12.219916	General
Alphafold/prediction:ChainA:PHE91	-125.354643	129.879635	General
Alphafold/prediction:ChainA:SER92	-74.152871	121.311049	Pre-Pro
Alphafold/prediction:ChainA:PRO93	-61.626912	143.120925	Proline
Alphafold/prediction:ChainA:LEU94	-69.794072	130.959566	General
Alphafold/prediction:ChainA:ILE95	-122.520685	151.115261	General
Alphafold/prediction:ChainA:LEU96	-91.365885	114.399498	General
Alphafold/prediction:ChainA:LYS97	-125.946237	116.014385	General
Alphafold/prediction:ChainA:ASP98	53.544013	43.558032	General
Alphafold/prediction:ChainA:ASP99	63.433903	13.298645	General
Alphafold/prediction:ChainA:VAL100	-104.998906	126.581229	General
Alphafold/prediction:ChainA:LEU101	-65.757235	105.700352	General
Alphafold/prediction:ChainA:SER102	-119.267154	164.689958	General
Alphafold/prediction:ChainA:VAL103	-98.277279	131.527905	General
Alphafold/prediction:ChainA:ASP104	-69.954564	114.653846	General
Alphafold/prediction:ChainA:LEU105	-80.747824	112.853907	General
Alphafold/prediction:ChainA:GLY106	-69.221500	177.043606	Glycine
Alphafold/prediction:ChainA:SER107	-58.834390	134.533886	General
Alphafold/prediction:ChainA:GLY108	88.777888	1.113296	Glycine
Alphafold/prediction:ChainA:LEU109	-112.104198	147.677476	General
Alphafold/prediction:ChainA:THR110	-128.075145	150.481172	General
Alphafold/prediction:ChainA:ASN111	-92.977572	108.962403	General
Alphafold/prediction:ChainA:GLU112	-106.614047	169.414424	General
Alphafold/prediction:ChainA:THR113	-52.769159	-26.244685	General
Alphafold/prediction:ChainA:ASN114	-109.190399	12.669369	General
Alphafold/prediction:ChainA:GLY115	122.072247	-164.721544	Glycine
Alphafold/prediction:ChainA:ILE116	-73.559774	121.254209	General
Alphafold/prediction:ChainA:CYS117	-118.308529	161.044422	General
Alphafold/prediction:ChainA:VAL118	-70.984993	130.970617	General
Alphafold/prediction:ChainA:GLY119	-66.841308	117.772794	Glycine
Alphafold/prediction:ChainA:GLN120	-67.016580	107.607854	General
Alphafold/prediction:ChainA:GLY121	-97.621974	-176.648690	Glycine
Alphafold/prediction:ChainA:ASP122	-62.321346	135.639727	General
Alphafold/prediction:ChainA:GLY123	77.212273	-0.886659	Glycine
Alphafold/prediction:ChainA:ILE124	-112.411124	144.812851	General
Alphafold/prediction:ChainA:THR125	-124.614374	121.198083	General
Alphafold/prediction:ChainA:VAL126	-102.939418	114.961429	General
Alphafold/prediction:ChainA:ASN127	-111.393786	168.729121	General
Alphafold/prediction:ChainA:THR128	-55.165848	-30.789305	General
Alphafold/prediction:ChainA:SER129	-111.404391	-13.465446	General
Alphafold/prediction:ChainA:ASN130	-162.007836	165.586684	General
Alphafold/prediction:ChainA:VAL131	-107.819627	126.099247	General
Alphafold/prediction:ChainA:ALA132	-130.042588	165.663471	General
Alphafold/prediction:ChainA:VAL133	-76.006086	128.518469	General
Alphafold/prediction:ChainA:LYS134	-73.193924	116.494221	General
Alphafold/prediction:ChainA:GLN135	-64.348523	113.925364	General
Alphafold/prediction:ChainA:GLY136	-100.541685	-177.591595	Glycine
Alphafold/prediction:ChainA:ASN137	-62.045805	135.440430	General
Alphafold/prediction:ChainA:GLY138	79.207958	-2.950153	Glycine
Alphafold/prediction:ChainA:ILE139	-112.919760	143.261675	General
Alphafold/prediction:ChainA:SER140	-128.844771	128.756157	General
Alphafold/prediction:ChainA:VAL141	-89.442143	122.336857	General
Alphafold/prediction:ChainA:THR142	-78.939632	161.441133	General
Alphafold/prediction:ChainA:SER143	-62.234987	-20.327229	General
Alphafold/prediction:ChainA:SER144	-82.964739	-1.116380	General
Alphafold/prediction:ChainA:GLY145	84.844003	6.272001	Glycine
Alphafold/prediction:ChainA:GLY146	-78.947727	161.384664	Glycine
Alphafold/prediction:ChainA:VAL147	-110.075172	125.669358	General
Alphafold/prediction:ChainA:ALA148	-129.709277	161.159008	General
Alphafold/prediction:ChainA:VAL149	-72.563512	130.364257	General
Alphafold/prediction:ChainA:LYS150	-91.834651	112.177214	General
Alphafold/prediction:ChainA:VAL151	-106.429923	136.978768	General
Alphafold/prediction:ChainA:SER152	-73.614298	142.030203	General
Alphafold/prediction:ChainA:ALA153	-53.895307	137.827171	General
Alphafold/prediction:ChainA:ASN154	64.520148	23.862552	General
Alphafold/prediction:ChainA:LYS155	-102.966057	25.330650	General
Alphafold/prediction:ChainA:GLY156	76.135525	1.970316	Glycine
Alphafold/prediction:ChainA:LEU157	-119.940823	150.829093	General
Alphafold/prediction:ChainA:SER158	-128.272737	146.331366	General
Alphafold/prediction:ChainA:VAL159	-127.334541	122.984936	General
Alphafold/prediction:ChainA:ASP160	-143.618873	-168.066303	General
Alphafold/prediction:ChainA:SER161	-64.150104	-16.927260	General
Alphafold/prediction:ChainA:SER162	-85.662882	-10.410824	General
Alphafold/prediction:ChainA:GLY163	116.129029	-145.895611	Glycine
Alphafold/prediction:ChainA:VAL164	-104.173975	125.235590	General
Alphafold/prediction:ChainA:ALA165	-132.297857	158.868386	General
Alphafold/prediction:ChainA:VAL166	-76.289082	119.681922	General
Alphafold/prediction:ChainA:LYS167	-80.186687	105.611923	General
Alphafold/prediction:ChainA:VAL168	-100.153587	149.395211	General
Alphafold/prediction:ChainA:ASN169	-88.121749	115.881156	General
Alphafold/prediction:ChainA:THR170	-61.787885	-18.218143	General
Alphafold/prediction:ChainA:ASP171	-89.918312	0.744275	General
Alphafold/prediction:ChainA:LYS172	-108.048456	175.177546	General
Alphafold/prediction:ChainA:GLY173	-76.963082	18.399391	Glycine
Alphafold/prediction:ChainA:ILE174	-124.153748	133.716275	General
Alphafold/prediction:ChainA:SER175	-115.132659	141.939435	General
Alphafold/prediction:ChainA:VAL176	-125.708220	125.207379	General
Alphafold/prediction:ChainA:ASP177	-143.391604	-169.144259	General
Alphafold/prediction:ChainA:GLY178	-61.286058	-14.117722	Glycine
Alphafold/prediction:ChainA:ASN179	-95.544983	-4.859740	General
Alphafold/prediction:ChainA:GLY180	114.561208	-146.504706	Glycine
Alphafold/prediction:ChainA:VAL181	-107.703676	122.932113	General
Alphafold/prediction:ChainA:ALA182	-130.235021	159.252319	General
Alphafold/prediction:ChainA:VAL183	-74.322752	121.795188	General
Alphafold/prediction:ChainA:LYS184	-80.524454	115.019958	General
Alphafold/prediction:ChainA:VAL185	-118.072848	148.822317	General
Alphafold/prediction:ChainA:ASN186	-92.860084	105.231584	General
Alphafold/prediction:ChainA:THR187	-60.878707	-21.795326	General
Alphafold/prediction:ChainA:SER188	-69.387297	-9.806669	General
Alphafold/prediction:ChainA:LYS189	-101.906430	10.983800	General
Alphafold/prediction:ChainA:GLY190	89.089371	12.057714	Glycine
Alphafold/prediction:ChainA:ILE191	-119.773341	133.746311	General
Alphafold/prediction:ChainA:SER192	-109.782953	149.849079	General
Alphafold/prediction:ChainA:VAL193	-129.929584	122.849570	General
Alphafold/prediction:ChainA:ASP194	-142.903846	-167.913421	General
Alphafold/prediction:ChainA:ASN195	-68.677821	-10.560422	General
Alphafold/prediction:ChainA:THR196	-91.221247	-14.483331	General
Alphafold/prediction:ChainA:GLY197	125.462339	-149.148690	Glycine
Alphafold/prediction:ChainA:VAL198	-103.314975	122.884657	General
Alphafold/prediction:ChainA:ALA199	-131.618643	158.143626	General
Alphafold/prediction:ChainA:VAL200	-78.677400	132.777912	General
Alphafold/prediction:ChainA:ILE201	-77.125669	109.235892	General
Alphafold/prediction:ChainA:ALA202	-63.697385	131.256842	General
Alphafold/prediction:ChainA:ASN203	-115.504398	94.394638	General
Alphafold/prediction:ChainA:ALA204	-60.158202	-32.824317	General
Alphafold/prediction:ChainA:SER205	-73.654161	-14.060834	General
Alphafold/prediction:ChainA:LYS206	-100.769681	8.735139	General
Alphafold/prediction:ChainA:GLY207	87.257637	18.333247	Glycine
Alphafold/prediction:ChainA:ILE208	-116.334138	130.015061	General
Alphafold/prediction:ChainA:SER209	-108.605566	143.184638	General
Alphafold/prediction:ChainA:VAL210	-132.561190	122.001412	General
Alphafold/prediction:ChainA:ASP211	-142.759565	-170.326194	General
Alphafold/prediction:ChainA:GLY212	-61.622933	-14.258166	Glycine
Alphafold/prediction:ChainA:SER213	-90.298956	-11.409773	General
Alphafold/prediction:ChainA:GLY214	120.479088	-150.278492	Glycine
Alphafold/prediction:ChainA:VAL215	-102.209668	124.010259	General
Alphafold/prediction:ChainA:ALA216	-129.513420	159.993569	General
Alphafold/prediction:ChainA:VAL217	-84.167896	135.067061	General
Alphafold/prediction:ChainA:ILE218	-84.736865	116.645610	General
Alphafold/prediction:ChainA:ALA219	-72.119873	132.339401	General
Alphafold/prediction:ChainA:ASN220	-91.491219	94.688671	General
Alphafold/prediction:ChainA:THR221	-61.577417	-29.299834	General
Alphafold/prediction:ChainA:SER222	-68.173562	-16.337256	General
Alphafold/prediction:ChainA:LYS223	-100.303695	8.104346	General
Alphafold/prediction:ChainA:GLY224	84.606212	20.167679	Glycine
Alphafold/prediction:ChainA:ILE225	-113.535894	136.478528	General
Alphafold/prediction:ChainA:SER226	-112.347848	144.234375	General
Alphafold/prediction:ChainA:VAL227	-130.615652	122.166782	General
Alphafold/prediction:ChainA:ASP228	-144.492626	-170.444861	General
Alphafold/prediction:ChainA:GLY229	-61.556830	-14.148421	Glycine
Alphafold/prediction:ChainA:SER230	-89.927070	-10.815772	General
Alphafold/prediction:ChainA:GLY231	119.629509	-149.381953	Glycine
Alphafold/prediction:ChainA:VAL232	-102.665383	123.482718	General
Alphafold/prediction:ChainA:ALA233	-130.082054	159.184527	General
Alphafold/prediction:ChainA:VAL234	-82.476348	135.932571	General
Alphafold/prediction:ChainA:ILE235	-81.149070	114.417287	General
Alphafold/prediction:ChainA:ALA236	-66.314414	128.984571	General
Alphafold/prediction:ChainA:ASN237	-104.546401	91.143849	General
Alphafold/prediction:ChainA:THR238	-62.330359	-31.027980	General
Alphafold/prediction:ChainA:SER239	-69.111419	-17.804788	General
Alphafold/prediction:ChainA:LYS240	-104.581093	8.175760	General
Alphafold/prediction:ChainA:GLY241	88.120564	19.968537	Glycine
Alphafold/prediction:ChainA:ILE242	-113.200377	132.967889	General
Alphafold/prediction:ChainA:SER243	-111.891289	144.073066	General
Alphafold/prediction:ChainA:VAL244	-132.604304	124.208341	General
Alphafold/prediction:ChainA:ASP245	-141.237419	-169.635924	General
Alphafold/prediction:ChainA:ASN246	-67.459194	-10.241134	General
Alphafold/prediction:ChainA:THR247	-92.262273	-14.738842	General
Alphafold/prediction:ChainA:GLY248	129.277853	-150.474837	Glycine
Alphafold/prediction:ChainA:VAL249	-104.085866	123.551200	General
Alphafold/prediction:ChainA:ALA250	-127.811648	159.227678	General
Alphafold/prediction:ChainA:VAL251	-85.775606	134.577252	General
Alphafold/prediction:ChainA:ILE252	-84.135413	115.100462	General
Alphafold/prediction:ChainA:ALA253	-73.906629	139.154658	General
Alphafold/prediction:ChainA:ASN254	-100.847765	97.208090	General
Alphafold/prediction:ChainA:ALA255	-59.418427	-33.411771	General
Alphafold/prediction:ChainA:SER256	-72.776745	-13.478842	General
Alphafold/prediction:ChainA:LYS257	-99.046356	8.608540	General
Alphafold/prediction:ChainA:GLY258	88.148965	18.790860	Glycine
Alphafold/prediction:ChainA:ILE259	-119.187449	133.950221	General
Alphafold/prediction:ChainA:SER260	-111.108053	143.085829	General
Alphafold/prediction:ChainA:VAL261	-130.175043	122.272159	General
Alphafold/prediction:ChainA:ASP262	-144.466567	-169.789195	General
Alphafold/prediction:ChainA:GLY263	-60.977608	-13.778567	Glycine
Alphafold/prediction:ChainA:SER264	-90.718570	-9.938712	General
Alphafold/prediction:ChainA:GLY265	117.288316	-150.722170	Glycine
Alphafold/prediction:ChainA:VAL266	-101.198201	122.700579	General
Alphafold/prediction:ChainA:ALA267	-129.817596	158.776877	General
Alphafold/prediction:ChainA:VAL268	-82.927731	135.211767	General
Alphafold/prediction:ChainA:ILE269	-83.722437	112.453065	General
Alphafold/prediction:ChainA:ALA270	-70.540572	132.239905	General
Alphafold/prediction:ChainA:ASN271	-97.194227	93.900030	General
Alphafold/prediction:ChainA:THR272	-62.479207	-29.024510	General
Alphafold/prediction:ChainA:SER273	-70.019742	-16.850488	General
Alphafold/prediction:ChainA:LYS274	-106.234715	12.169244	General
Alphafold/prediction:ChainA:GLY275	89.096534	17.226199	Glycine
Alphafold/prediction:ChainA:ILE276	-115.615571	137.540370	General
Alphafold/prediction:ChainA:SER277	-115.863033	144.233089	General
Alphafold/prediction:ChainA:VAL278	-131.646577	122.956562	General
Alphafold/prediction:ChainA:ASP279	-143.852473	-169.717250	General
Alphafold/prediction:ChainA:GLY280	-60.683349	-13.518671	Glycine
Alphafold/prediction:ChainA:SER281	-91.127950	-8.831679	General
Alphafold/prediction:ChainA:GLY282	115.096951	-150.213503	Glycine
Alphafold/prediction:ChainA:VAL283	-99.293576	124.495977	General
Alphafold/prediction:ChainA:ALA284	-130.169182	161.298379	General
Alphafold/prediction:ChainA:VAL285	-88.831689	132.390339	General
Alphafold/prediction:ChainA:ILE286	-85.226974	109.629547	General
Alphafold/prediction:ChainA:ALA287	-80.487502	129.830004	General
Alphafold/prediction:ChainA:ASN288	-76.647632	101.602954	General
Alphafold/prediction:ChainA:THR289	-63.760111	-8.392038	General
Alphafold/prediction:ChainA:SER290	-93.860413	-5.928399	General
Alphafold/prediction:ChainA:LYS291	-116.289917	18.157863	General
Alphafold/prediction:ChainA:GLY292	91.070411	7.646522	Glycine
Alphafold/prediction:ChainA:ILE293	-112.186859	141.253312	General
Alphafold/prediction:ChainA:SER294	-116.026259	140.400035	General
Alphafold/prediction:ChainA:VAL295	-128.516130	122.985746	General
Alphafold/prediction:ChainA:ASP296	-145.527948	-169.879738	General
Alphafold/prediction:ChainA:SER297	-62.791268	-17.109994	General
Alphafold/prediction:ChainA:SER298	-88.349738	-3.550410	General
Alphafold/prediction:ChainA:GLY299	110.963445	-149.167480	Glycine
Alphafold/prediction:ChainA:VAL300	-100.022931	124.002835	General
Alphafold/prediction:ChainA:ALA301	-134.902452	164.655841	General
Alphafold/prediction:ChainA:VAL302	-81.204759	125.202937	General
Alphafold/prediction:ChainA:LYS303	-87.235791	112.974485	General
Alphafold/prediction:ChainA:VAL304	-95.103108	150.577427	General
Alphafold/prediction:ChainA:LYS305	-76.385440	135.330450	General
Alphafold/prediction:ChainA:ALA306	-56.741880	135.859997	General
Alphafold/prediction:ChainA:ASN307	56.384392	20.399328	General
Alphafold/prediction:ChainA:GLY308	-78.618355	174.589241	Glycine
Alphafold/prediction:ChainA:GLY309	-78.677663	2.582608	Glycine
Alphafold/prediction:ChainA:ILE310	-127.271102	137.186745	General
Alphafold/prediction:ChainA:LYS311	-118.894449	151.774861	General
Alphafold/prediction:ChainA:VAL312	-123.243135	121.964131	General
Alphafold/prediction:ChainA:ASP313	-135.203461	-173.624702	General
Alphafold/prediction:ChainA:ALA314	-59.920636	-17.980527	General
Alphafold/prediction:ChainA:ASN315	-91.356787	-0.187793	General
Alphafold/prediction:ChainA:GLY316	107.951306	-149.402656	Glycine
Alphafold/prediction:ChainA:VAL317	-96.332489	124.976674	General
Alphafold/prediction:ChainA:ALA318	-139.018489	160.352568	General
Alphafold/prediction:ChainA:ILE319	-68.409334	138.830995	General
Alphafold/prediction:ChainA:ASP320	-90.979389	99.023443	Pre-Pro
Alphafold/prediction:ChainA:PRO321	-65.541869	-19.805681	Proline
Alphafold/prediction:ChainA:ASN322	-76.110290	-25.887199	General
Alphafold/prediction:ChainA:ASN323	-97.061863	-25.878682	General
Alphafold/prediction:ChainA:VAL324	-81.978484	-35.688685	General
Alphafold/prediction:ChainA:LEU325	-114.060864	105.403198	Pre-Pro
Alphafold/prediction:ChainA:PRO326	-57.572486	145.207541	Proline
Alphafold/prediction:ChainA:LYS327	-56.472106	138.570672	General
Alphafold/prediction:ChainA:GLY328	90.403175	-5.989746	Glycine
Alphafold/prediction:ChainA:VAL329	-62.737390	123.976662	General
Alphafold/prediction:ChainA:ILE330	-106.058650	130.678517	General
Alphafold/prediction:ChainA:VAL331	-130.428167	153.979713	General
Alphafold/prediction:ChainA:MET332	-74.609108	126.487314	General
Alphafold/prediction:ChainA:PHE333	-126.741019	129.482501	General
Alphafold/prediction:ChainA:SER334	-93.931998	90.039240	General
Alphafold/prediction:ChainA:GLY335	177.059118	160.024708	Glycine
Alphafold/prediction:ChainA:SER336	-88.526286	-18.311423	General
Alphafold/prediction:ChainA:THR337	-127.313604	124.652000	General
Alphafold/prediction:ChainA:ALA338	-62.787413	138.938530	Pre-Pro
Alphafold/prediction:ChainA:PRO339	-61.548548	158.437637	Proline
Alphafold/prediction:ChainA:THR340	-52.846849	131.423880	General
Alphafold/prediction:ChainA:GLY341	87.431309	2.575229	Glycine
Alphafold/prediction:ChainA:TRP342	-124.364744	158.741790	General
Alphafold/prediction:ChainA:ALA343	-131.389410	154.151723	General
Alphafold/prediction:ChainA:LEU344	-66.867457	141.496692	General
Alphafold/prediction:ChainA:CYS345	-83.609456	69.620024	General
Alphafold/prediction:ChainA:ASP346	-113.744254	2.612966	General
Alphafold/prediction:ChainA:GLY347	93.787795	-11.638345	Glycine
Alphafold/prediction:ChainA:ASN348	-84.443815	160.454799	General
Alphafold/prediction:ChainA:ASN349	53.586544	30.126781	General
Alphafold/prediction:ChainA:GLY350	73.701012	9.309776	Glycine
Alphafold/prediction:ChainA:THR351	-76.248475	150.557299	Pre-Pro
Alphafold/prediction:ChainA:PRO352	-60.809979	138.596133	Proline
Alphafold/prediction:ChainA:ASN353	-80.253795	104.235623	General
Alphafold/prediction:ChainA:LEU354	-104.800827	9.164127	General
Alphafold/prediction:ChainA:ILE355	-63.753641	130.541868	General
Alphafold/prediction:ChainA:ASP356	57.707277	27.265777	General
Alphafold/prediction:ChainA:ARG357	-130.401349	149.382140	General
Alphafold/prediction:ChainA:PHE358	-92.464517	148.221494	General
Alphafold/prediction:ChainA:ILE359	-83.489244	123.370009	General
Alphafold/prediction:ChainA:LEU360	-106.048612	130.548410	General
Alphafold/prediction:ChainA:GLY361	-67.999858	125.356650	Glycine
Alphafold/prediction:ChainA:GLY362	-133.253820	170.505494	Glycine
Alphafold/prediction:ChainA:LYS363	-79.402596	160.782058	General
Alphafold/prediction:ChainA:GLY364	-54.345534	-32.816872	Glycine
Alphafold/prediction:ChainA:THR365	-72.581781	-19.655921	General
Alphafold/prediction:ChainA:ASP366	-100.631732	0.531721	General
Alphafold/prediction:ChainA:ILE367	-56.857163	134.917077	General
Alphafold/prediction:ChainA:ASN368	71.707604	6.059946	General
Alphafold/prediction:ChainA:GLY369	-59.786839	131.268481	Glycine
Alphafold/prediction:ChainA:VAL370	-129.120536	133.739367	General
Alphafold/prediction:ChainA:SER371	-65.094058	148.414184	General
Alphafold/prediction:ChainA:THR372	-64.713463	-32.334182	General
Alphafold/prediction:ChainA:ASN373	-91.477926	141.248156	General
Alphafold/prediction:ChainA:THR374	-118.105965	166.525310	General
Alphafold/prediction:ChainA:ALA375	-61.941152	151.905985	General
Alphafold/prediction:ChainA:SER376	-131.013068	167.611363	General
Alphafold/prediction:ChainA:GLY377	102.461975	-177.307396	Glycine
Alphafold/prediction:ChainA:THR378	-80.653084	165.542184	General
Alphafold/prediction:ChainA:LYS379	-52.383453	-32.323523	General
Alphafold/prediction:ChainA:ASN380	-97.826878	-2.080098	General
Alphafold/prediction:ChainA:SER381	-144.059452	44.137949	General
Alphafold/prediction:ChainA:LYS382	-69.629823	137.300242	General
Alphafold/prediction:ChainA:LEU383	-140.988681	147.651265	General
Alphafold/prediction:ChainA:PHE384	-119.529080	116.936255	General
Alphafold/prediction:ChainA:ASP385	-128.600141	132.890185	General
Alphafold/prediction:ChainA:PHE386	-124.967646	146.797621	General
Alphafold/prediction:ChainA:SER387	-100.164395	136.465874	General
Alphafold/prediction:ChainA:SER388	-76.583902	138.675093	General
Alphafold/prediction:ChainA:ASP389	-70.329287	-39.721722	General
Alphafold/prediction:ChainA:GLU390	-149.466995	130.794498	General
Alphafold/prediction:ChainA:ALA391	-117.680126	137.289775	General
Alphafold/prediction:ChainA:THR392	-102.663482	128.242119	General
Alphafold/prediction:ChainA:LEU393	-105.134858	121.482871	General
Alphafold/prediction:ChainA:THR394	-101.750194	121.733552	General
Alphafold/prediction:ChainA:ILE395	-111.858957	112.924908	General
Alphafold/prediction:ChainA:ASP396	-101.072305	126.335775	General
Alphafold/prediction:ChainA:GLY397	-142.762379	168.903284	Glycine
Alphafold/prediction:ChainA:LYS398	-124.013934	144.337152	General
Alphafold/prediction:ChainA:THR399	-127.125745	150.320781	General
Alphafold/prediction:ChainA:LEU400	-89.521413	115.996253	General
Alphafold/prediction:ChainA:GLY401	-87.740555	130.638545	Glycine
Alphafold/prediction:ChainA:ARG402	-106.841977	116.012569	General
Alphafold/prediction:ChainA:GLY403	-54.281870	115.876931	Glycine
Alphafold/prediction:ChainA:GLY404	-70.139596	117.289479	Glycine
Alphafold/prediction:ChainA:SER405	-64.384139	130.756771	General
Alphafold/prediction:ChainA:GLY406	-73.658605	166.530036	Glycine
Alphafold/prediction:ChainA:GLY407	-159.735351	137.758014	Glycine
Alphafold/prediction:ChainA:GLY408	174.740657	148.246956	Glycine
Alphafold/prediction:ChainA:GLY409	75.594695	131.485800	Glycine
Alphafold/prediction:ChainA:SER410	-148.782115	124.663138	General
Alphafold/prediction:ChainA:GLY411	-83.346491	130.984116	Glycine
Alphafold/prediction:ChainA:GLY412	-81.941671	110.063284	Glycine
Alphafold/prediction:ChainA:HIS413	38.912123	102.103388	General
Alphafold/prediction:ChainA:GLY414	82.334821	107.168894	Glycine
Alphafold/prediction:ChainA:GLY415	159.746225	73.353928	Glycine
Alphafold/prediction:ChainA:SER416	-13.550158	129.017251	General
Alphafold/prediction:ChainA:GLY417	172.496209	87.477652	Glycine
Alphafold/prediction:ChainA:GLY418	66.769934	101.664152	Glycine
Alphafold/prediction:ChainA:GLY419	-79.900141	153.468687	Glycine
Alphafold/prediction:ChainA:GLY420	-154.486590	86.111465	Glycine
Alphafold/prediction:ChainA:SER421	-79.625967	67.312949	General
Alphafold/prediction:ChainA:GLY422	-72.322479	122.280234	Glycine
Alphafold/prediction:ChainA:GLY423	-56.072470	134.764191	Glycine
Alphafold/prediction:ChainA:HIS424	-127.315574	146.691731	General
Alphafold/prediction:ChainA:ASP425	-81.014276	147.143075	General
Alphafold/prediction:ChainA:HIS426	-112.057160	128.102822	General
Alphafold/prediction:ChainA:ASP427	-71.330996	124.190343	General
Alphafold/prediction:ChainA:ILE428	-94.872795	107.552034	General
Alphafold/prediction:ChainA:LYS429	-101.958196	106.412094	General
Alphafold/prediction:ChainA:ILE430	-80.344847	84.349814	General
Alphafold/prediction:ChainA:THR431	-83.753254	118.610027	General
Alphafold/prediction:ChainA:GLY432	105.305998	54.264532	Glycine
Alphafold/prediction:ChainA:THR433	-65.315794	19.441590	General
Alphafold/prediction:ChainA:GLY434	70.979120	148.256188	Glycine
Alphafold/prediction:ChainA:LYS435	-63.649294	124.446067	General
Alphafold/prediction:ChainA:HIS436	-134.521466	156.820952	General
Alphafold/prediction:ChainA:SER437	-114.532288	148.101424	General
Alphafold/prediction:ChainA:HIS438	-105.567143	136.632061	General
Alphafold/prediction:ChainA:LYS439	-94.573201	121.120142	General
Alphafold/prediction:ChainA:ASN440	-116.113202	138.363826	General
Alphafold/prediction:ChainA:LYS441	-107.835747	103.592164	General
Alphafold/prediction:ChainA:VAL442	-111.316139	91.163238	General
Alphafold/prediction:ChainA:THR443	-138.063651	122.512073	General
Alphafold/prediction:ChainA:VAL444	-79.629546	154.066744	Pre-Pro
Alphafold/prediction:ChainA:PRO445	-52.184308	135.302052	Proline
Alphafold/prediction:ChainA:TYR446	-137.850467	159.439284	General
Alphafold/prediction:ChainA:TYR447	-130.334484	127.656825	General
Alphafold/prediction:ChainA:ILE448	-89.226432	118.527864	General
Alphafold/prediction:ChainA:LEU449	-111.758489	157.502079	General
Alphafold/prediction:ChainA:ALA450	-73.392199	148.465021	General
Alphafold/prediction:ChainA:PHE451	-94.314753	129.858228	General
Alphafold/prediction:ChainA:ILE452	-118.777668	148.446733	General
Alphafold/prediction:ChainA:ILE453	-117.356221	137.499572	General
Alphafold/prediction:ChainA:LYS454	-69.910442	120.846197	General
